source,vehicle,start_epoch,end_epoch,relative_start_s,relative_end_s,state,level,peer,episode,action,message
ego_structured_measured,UAV2,1787928197.304809,1787928197.383074,0.04980897903442383,0.12807393074035645,EXECUTING,SAFE,UAV4,none,ACTIVE_GATE,
ego_structured_measured,UAV4,1787928197.320333,1787928197.398764,0.06533288955688477,0.14376378059387207,EXECUTING,SAFE,UAV7,none,ACTIVE_GATE,
ego_structured_measured,UAV8,1787928197.328685,1787928209.368653,0.0736849308013916,12.11365294456482,EXECUTING,SAFE,UAV7,none,ACTIVE_GATE,
ego_structured_measured,UAV11,1787928197.34247,1787928209.542544,0.08746981620788574,12.287543773651123,EXECUTING,SAFE,UAV8,none,ACTIVE_GATE,
ego_structured_measured,UAV10,1787928197.357022,1787928209.516933,0.10202193260192871,12.261932849884033,EXECUTING,SAFE,UAV11,none,ACTIVE_GATE,
ego_structured_measured,UAV7,1787928197.358565,1787928209.293257,0.10356497764587402,12.038256883621216,EXECUTING,SAFE,UAV8,none,ACTIVE_GATE,
ego_structured_measured,UAV3,1787928197.359862,1787928212.689898,0.10486197471618652,15.434897899627686,EXECUTING,SAFE,UAV2,none,ACTIVE_GATE,
ego_structured_measured,UAV12,1787928197.361197,1787928197.38126,0.10619688034057617,0.12625980377197266,EXECUTING,SAFE,UAV11,none,ACTIVE_GATE,
ego_structured_measured,UAV9,1787928197.371586,1787928209.531814,0.11658596992492676,12.276813983917236,EXECUTING,SAFE,UAV8,none,ACTIVE_GATE,
ego_structured_measured,UAV6,1787928197.372778,1787928209.44914,0.11777782440185547,12.194139957427979,EXECUTING,SAFE,UAV5,none,ACTIVE_GATE,
ego_structured_measured,UAV5,1787928197.374972,1787928197.455979,0.11997199058532715,0.20097899436950684,EXECUTING,SAFE,UAV4,none,ACTIVE_GATE,
ego_structured_measured,UAV12,1787928197.38126,1787928209.461244,0.12625980377197266,12.206243991851807,EXECUTING,SAFE,UAV9,none,ACTIVE_GATE,
ego_structured_measured,UAV1,1787928197.382067,1787928234.534647,0.12706685066223145,37.27964687347412,EXECUTING,SAFE,UAV2,none,ACTIVE_GATE,
ego_structured_measured,UAV2,1787928197.383074,1787928197.423099,0.12807393074035645,0.16809892654418945,EXECUTING,SAFE,UAV1,none,ACTIVE_GATE,
ego_structured_measured,UAV4,1787928197.398764,1787928209.278845,0.14376378059387207,12.023844957351685,EXECUTING,SAFE,UAV5,none,ACTIVE_GATE,
ego_structured_measured,UAV2,1787928197.423099,1787928209.423221,0.16809892654418945,12.16822099685669,EXECUTING,SAFE,UAV3,none,ACTIVE_GATE,
ego_structured_measured,UAV5,1787928197.455979,1787928209.294913,0.20097899436950684,12.039912939071655,EXECUTING,SAFE,UAV6,none,ACTIVE_GATE,
ego_structured_measured,UAV4,1787928209.278845,1787928209.438736,12.023844957351685,12.183735847473145,EXECUTING,SAFE,UAV7,none,ACTIVE_GATE,
ego_structured_measured,UAV7,1787928209.293257,1787928214.932912,12.038256883621216,17.67791199684143,EXECUTING,SAFE,UAV4,none,ACTIVE_GATE,
ego_structured_measured,UAV5,1787928209.294913,1787928209.454961,12.039912939071655,12.199960947036743,EXECUTING,SAFE,UAV4,none,ACTIVE_GATE,
ego_structured_measured,UAV8,1787928209.368653,1787928209.408661,12.11365294456482,12.153660774230957,EXECUTING,SAFE,UAV11,none,ACTIVE_GATE,
ego_structured_measured,UAV8,1787928209.408661,1787928219.208802,12.153660774230957,21.95380187034607,EXECUTING,SAFE,UAV9,none,ACTIVE_GATE,
ego_structured_measured,UAV2,1787928209.423221,1787928209.503058,12.16822099685669,12.248057842254639,EXECUTING,SAFE,UAV5,none,ACTIVE_GATE,
ego_structured_measured,UAV4,1787928209.438736,1787928209.478746,12.183735847473145,12.223745822906494,EXECUTING,SAFE,UAV5,none,ACTIVE_GATE,
ego_structured_measured,UAV6,1787928209.44914,1787928209.488792,12.194139957427979,12.233791828155518,EXECUTING,SAFE,UAV9,none,ACTIVE_GATE,
ego_structured_measured,UAV5,1787928209.454961,1787928221.574976,12.199960947036743,24.31997585296631,EXECUTING,SAFE,UAV6,none,ACTIVE_GATE,
ego_structured_measured,UAV12,1787928209.461244,1787928209.501242,12.206243991851807,12.246241807937622,EXECUTING,SAFE,UAV11,none,ACTIVE_GATE,
ego_structured_measured,UAV4,1787928209.478746,1787928210.318711,12.223745822906494,13.063710927963257,EXECUTING,SAFE,UAV7,none,ACTIVE_GATE,
ego_structured_measured,UAV6,1787928209.488792,1787928221.528859,12.233791828155518,24.273858785629272,EXECUTING,SAFE,UAV5,none,ACTIVE_GATE,
ego_structured_measured,UAV12,1787928209.501242,1787928212.741206,12.246241807937622,15.486205816268921,EXECUTING,SAFE,UAV9,none,ACTIVE_GATE,
ego_structured_measured,UAV2,1787928209.503058,1787928211.503256,12.248057842254639,14.248255968093872,EXECUTING,SAFE,UAV1,none,ACTIVE_GATE,
ego_structured_measured,UAV10,1787928209.516933,1787928210.476941,12.261932849884033,13.221940994262695,EXECUTING,SAFE,UAV7,none,ACTIVE_GATE,
ego_structured_measured,UAV9,1787928209.531814,1787928209.611526,12.276813983917236,12.356525897979736,EXECUTING,SAFE,UAV12,none,ACTIVE_GATE,
ego_structured_measured,UAV11,1787928209.542544,1787928209.5825,12.287543773651123,12.327499866485596,EXECUTING,SAFE,UAV12,none,ACTIVE_GATE,
ego_structured_measured,UAV11,1787928209.5825,1787928210.462495,12.327499866485596,13.207494974136353,EXECUTING,SAFE,UAV8,none,ACTIVE_GATE,
ego_structured_measured,UAV9,1787928209.611526,1787928219.211532,12.356525897979736,21.95653200149536,EXECUTING,SAFE,UAV8,none,ACTIVE_GATE,
ego_structured_measured,UAV4,1787928210.318711,1787928210.518744,13.063710927963257,13.263743877410889,EXECUTING,SAFE,UAV1,none,ACTIVE_GATE,
ego_structured_measured,UAV11,1787928210.462495,1787928210.582507,13.207494974136353,13.32750678062439,EXECUTING,SAFE,UAV10,none,ACTIVE_GATE,
ego_structured_measured,UAV10,1787928210.476941,1787928210.596947,13.221940994262695,13.341946840286255,EXECUTING,SAFE,UAV11,none,ACTIVE_GATE,
ego_structured_measured,UAV4,1787928210.518744,1787928212.918746,13.263743877410889,15.663745880126953,EXECUTING,SAFE,UAV7,none,ACTIVE_GATE,
ego_structured_measured,UAV11,1787928210.582507,1787928211.502508,13.32750678062439,14.247507810592651,EXECUTING,SAFE,UAV8,none,ACTIVE_GATE,
ego_structured_measured,UAV10,1787928210.596947,1787928211.636927,13.341946840286255,14.381926774978638,EXECUTING,SAFE,UAV7,none,ACTIVE_GATE,
ego_structured_measured,UAV11,1787928211.502508,1787928211.622558,14.247507810592651,14.367558002471924,EXECUTING,SAFE,UAV12,none,ACTIVE_GATE,
ego_structured_measured,UAV2,1787928211.503256,1787928211.54335,14.248255968093872,14.288349866867065,EXECUTING,SAFE,UAV5,none,ACTIVE_GATE,
ego_structured_measured,UAV2,1787928211.54335,1787928234.503053,14.288349866867065,37.24805283546448,EXECUTING,SAFE,UAV1,none,ACTIVE_GATE,
ego_structured_measured,UAV11,1787928211.622558,1787928212.54246,14.367558002471924,15.28745985031128,EXECUTING,SAFE,UAV8,none,ACTIVE_GATE,
ego_structured_measured,UAV10,1787928211.636927,1787928212.596931,14.381926774978638,15.341930866241455,EXECUTING,SAFE,UAV11,none,ACTIVE_GATE,
ego_structured_measured,UAV11,1787928212.54246,1787928212.582498,15.28745985031128,15.327497959136963,EXECUTING,SAFE,UAV10,none,ACTIVE_GATE,
ego_structured_measured,UAV11,1787928212.582498,1787928212.742511,15.327497959136963,15.487510919570923,EXECUTING,SAFE,UAV8,none,ACTIVE_GATE,
ego_structured_measured,UAV10,1787928212.596931,1787928212.637026,15.341930866241455,15.382025957107544,EXECUTING,SAFE,UAV7,none,ACTIVE_GATE,
ego_structured_measured,UAV10,1787928212.637026,1787928212.716927,15.382025957107544,15.461926937103271,EXECUTING,SAFE,UAV11,none,ACTIVE_GATE,
ego_structured_measured,UAV3,1787928212.689898,1787928212.769819,15.434897899627686,15.514818906784058,EXECUTING,SAFE,UAV6,none,ACTIVE_GATE,
ego_structured_measured,UAV10,1787928212.716927,1787928213.477004,15.461926937103271,16.222003936767578,EXECUTING,SAFE,UAV7,none,ACTIVE_GATE,
ego_structured_measured,UAV12,1787928212.741206,1787928212.781431,15.486205816268921,15.52643084526062,EXECUTING,SAFE,UAV11,none,ACTIVE_GATE,
ego_structured_measured,UAV11,1787928212.742511,1787928213.742894,15.487510919570923,16.48789381980896,EXECUTING,SAFE,UAV12,none,ACTIVE_GATE,
ego_structured_measured,UAV3,1787928212.769819,1787928219.009714,15.514818906784058,21.754713773727417,EXECUTING,SAFE,UAV2,none,ACTIVE_GATE,
ego_structured_measured,UAV12,1787928212.781431,1787928222.621244,15.52643084526062,25.366243839263916,EXECUTING,SAFE,UAV9,none,ACTIVE_GATE,
ego_structured_measured,UAV4,1787928212.918746,1787928213.678743,15.663745880126953,16.42374277114868,EXECUTING,SAFE,UAV1,none,ACTIVE_GATE,
ego_structured_measured,UAV10,1787928213.477004,1787928214.956864,16.222003936767578,17.701864004135132,EXECUTING,SAFE,UAV11,none,ACTIVE_GATE,
ego_structured_measured,UAV4,1787928213.678743,1787928215.71874,16.42374277114868,18.46373987197876,EXECUTING,SAFE,UAV7,none,ACTIVE_GATE,
ego_structured_measured,UAV11,1787928213.742894,1787928213.782526,16.48789381980896,16.527525901794434,EXECUTING,SAFE,UAV8,none,ACTIVE_GATE,
ego_structured_measured,UAV11,1787928213.782526,1787928214.782508,16.527525901794434,17.527507781982422,EXECUTING,SAFE,UAV12,none,ACTIVE_GATE,
ego_structured_measured,UAV11,1787928214.782508,1787928214.822499,17.527507781982422,17.567498922348022,EXECUTING,SAFE,UAV8,none,ACTIVE_GATE,
ego_structured_measured,UAV11,1787928214.822499,1787928214.94294,17.567498922348022,17.687939882278442,EXECUTING,SAFE,UAV10,none,ACTIVE_GATE,
ego_structured_measured,UAV7,1787928214.932912,1787928217.772937,17.67791199684143,20.517936944961548,EXECUTING,SAFE,UAV10,none,ACTIVE_GATE,
ego_structured_measured,UAV11,1787928214.94294,1787928216.782499,17.687939882278442,19.527498960494995,EXECUTING,SAFE,UAV12,none,ACTIVE_GATE,
ego_structured_measured,UAV10,1787928214.956864,1787928225.236928,17.701864004135132,27.9819278717041,EXECUTING,SAFE,UAV7,none,ACTIVE_GATE,
ego_structured_measured,UAV4,1787928215.71874,1787928215.758677,18.46373987197876,18.503676891326904,EXECUTING,SAFE,UAV1,none,ACTIVE_GATE,
ego_structured_measured,UAV4,1787928215.758677,1787928218.798736,18.503676891326904,21.54373598098755,EXECUTING,SAFE,UAV7,none,ACTIVE_GATE,
ego_structured_measured,UAV11,1787928216.782499,1787928217.782496,19.527498960494995,20.527495861053467,EXECUTING,SAFE,UAV9,none,ACTIVE_GATE,
ego_structured_measured,UAV7,1787928217.772937,1787928218.013245,20.517936944961548,20.75824499130249,EXECUTING,SAFE,UAV4,none,ACTIVE_GATE,
ego_structured_measured,UAV11,1787928217.782496,1787928217.862503,20.527495861053467,20.607502937316895,EXECUTING,SAFE,UAV12,none,ACTIVE_GATE,
ego_structured_measured,UAV11,1787928217.862503,1787928245.3825,20.607502937316895,48.12749981880188,EXECUTING,SAFE,UAV9,none,ACTIVE_GATE,
ego_structured_measured,UAV7,1787928218.013245,1787928219.052899,20.75824499130249,21.797898769378662,EXECUTING,SAFE,UAV10,none,ACTIVE_GATE,
ego_structured_measured,UAV4,1787928218.798736,1787928218.998739,21.54373598098755,21.743738889694214,EXECUTING,SAFE,UAV2,none,ACTIVE_GATE,
ego_structured_measured,UAV4,1787928218.998739,1787928219.078734,21.743738889694214,21.823733806610107,EXECUTING,SAFE,UAV5,none,ACTIVE_GATE,
ego_structured_measured,UAV3,1787928219.009714,1787928219.529699,21.754713773727417,22.274698972702026,EXECUTING,SAFE,UAV5,none,ACTIVE_GATE,
ego_structured_measured,UAV7,1787928219.052899,1787928219.132917,21.797898769378662,21.87791681289673,EXECUTING,SAFE,UAV4,none,ACTIVE_GATE,
ego_structured_measured,UAV4,1787928219.078734,1787928219.119163,21.823733806610107,21.864162921905518,EXECUTING,SAFE,UAV7,none,ACTIVE_GATE,
ego_structured_measured,UAV4,1787928219.119163,1787928222.078788,21.864162921905518,24.823787927627563,EXECUTING,SAFE,UAV5,none,ACTIVE_GATE,
ego_structured_measured,UAV7,1787928219.132917,1787928221.733141,21.87791681289673,24.478140830993652,EXECUTING,SAFE,UAV10,none,ACTIVE_GATE,
ego_structured_measured,UAV8,1787928219.208802,1787928221.288602,21.95380187034607,24.033601999282837,EXECUTING,WARNING,UAV9,active,ACTIVE_GATE,
ego_structured_measured,UAV9,1787928219.211532,1787928221.291569,21.95653200149536,24.036568880081177,EXECUTING,WARNING,UAV8,active,ACTIVE_GATE,
ego_structured_measured,UAV3,1787928219.529699,1787928220.090064,22.274698972702026,22.835063934326172,EXECUTING,SAFE,UAV2,none,ACTIVE_GATE,
ego_structured_measured,UAV3,1787928220.090064,1787928244.049722,22.835063934326172,46.794721841812134,EXECUTING,SAFE,UAV5,none,ACTIVE_GATE,
ros_console_measured,UAV6,1787928221.222361,1787928221.222361,23.967360973358154,23.967360973358154,,,,,,[WARN] [1787928221.222361032]: [UAV6] yield committed: SLOW min_clear=1.39 cost=0.167
ros_console_measured,UAV6,1787928221.2224014,1787928221.2224014,23.967401266098022,23.967401266098022,,,,,,[WARN] [1787928221.222401346]: [UAV6] yield replan committed (peer=UAV5)
ego_structured_measured,UAV8,1787928221.288602,1787928221.408783,24.033601999282837,24.153782844543457,EXECUTING,SAFE,UAV9,active,ACTIVE_GATE,
ego_structured_measured,UAV9,1787928221.291569,1787928221.411539,24.036568880081177,24.15653896331787,EXECUTING,SAFE,UAV8,active,ACTIVE_GATE,
ego_structured_measured,UAV8,1787928221.408783,1787928222.049012,24.153782844543457,24.79401183128357,EXECUTING,WARNING,UAV9,active,ACTIVE_GATE,
ego_structured_measured,UAV9,1787928221.411539,1787928222.011948,24.15653896331787,24.756947994232178,EXECUTING,WARNING,UAV8,active,ACTIVE_GATE,
ego_structured_measured,UAV6,1787928221.528859,1787928222.409025,24.273858785629272,25.154024839401245,EXECUTING,WARNING,UAV5,active,ACTIVE_GATE,
ego_structured_measured,UAV5,1787928221.574976,1787928222.375089,24.31997585296631,25.120088815689087,EXECUTING,WARNING,UAV6,active,ACTIVE_GATE,
ego_structured_measured,UAV7,1787928221.733141,1787928222.613008,24.478140830993652,25.35800790786743,EXECUTING,SAFE,UAV8,none,ACTIVE_GATE,
ego_structured_measured,UAV9,1787928222.011948,1787928223.051578,24.756947994232178,25.79657793045044,EXECUTING,SAFE,UAV8,active,ACTIVE_GATE,
ego_structured_measured,UAV8,1787928222.049012,1787928223.088596,24.79401183128357,25.833595991134644,EXECUTING,SAFE,UAV9,active,ACTIVE_GATE,
ego_structured_measured,UAV4,1787928222.078788,1787928222.198698,24.823787927627563,24.943697929382324,EXECUTING,SAFE,UAV2,none,ACTIVE_GATE,
ego_structured_measured,UAV4,1787928222.198698,1787928223.078745,24.943697929382324,25.823744773864746,EXECUTING,SAFE,UAV5,none,ACTIVE_GATE,
ego_structured_measured,UAV5,1787928222.375089,1787928223.375224,25.120088815689087,26.120223999023438,EXECUTING,SAFE,UAV6,active,ACTIVE_GATE,
ego_structured_measured,UAV6,1787928222.409025,1787928223.410271,25.154024839401245,26.15527081489563,EXECUTING,SAFE,UAV5,active,ACTIVE_GATE,
ego_structured_measured,UAV7,1787928222.613008,1787928222.652919,25.35800790786743,25.397918939590454,EXECUTING,SAFE,UAV9,none,ACTIVE_GATE,
ego_structured_measured,UAV12,1787928222.621244,1787928265.621296,25.366243839263916,68.36629581451416,EXECUTING,SAFE,UAV11,none,ACTIVE_GATE,
ego_structured_measured,UAV7,1787928222.652919,1787928222.772876,25.397918939590454,25.517875909805298,EXECUTING,SAFE,UAV10,none,ACTIVE_GATE,
ego_structured_measured,UAV7,1787928222.772876,1787928237.972905,25.517875909805298,40.717904806137085,EXECUTING,SAFE,UAV9,none,ACTIVE_GATE,
ego_structured_measured,UAV9,1787928223.051578,1787928228.651587,25.79657793045044,31.396586894989014,EXECUTING,SAFE,UAV8,none,ACTIVE_GATE,
ego_structured_measured,UAV4,1787928223.078745,1787928223.198751,25.823744773864746,25.943750858306885,EXECUTING,SAFE,UAV6,none,ACTIVE_GATE,
ego_structured_measured,UAV8,1787928223.088596,1787928229.448629,25.833595991134644,32.193628787994385,EXECUTING,SAFE,UAV9,none,ACTIVE_GATE,
ego_structured_measured,UAV4,1787928223.198751,1787928224.238743,25.943750858306885,26.9837429523468,EXECUTING,SAFE,UAV2,none,ACTIVE_GATE,
ego_structured_measured,UAV5,1787928223.375224,1787928232.974946,26.120223999023438,35.71994590759277,EXECUTING,SAFE,UAV6,none,ACTIVE_GATE,
ego_structured_measured,UAV6,1787928223.410271,1787928228.768856,26.15527081489563,31.513855934143066,EXECUTING,SAFE,UAV5,none,ACTIVE_GATE,
ego_structured_measured,UAV4,1787928224.238743,1787928225.278749,26.9837429523468,28.023748874664307,EXECUTING,SAFE,UAV6,none,ACTIVE_GATE,
ego_structured_measured,UAV10,1787928225.236928,1787928225.71694,27.9819278717041,28.461939811706543,EXECUTING,SAFE,UAV11,none,ACTIVE_GATE,
ego_structured_measured,UAV4,1787928225.278749,1787928225.438743,28.023748874664307,28.183743000030518,EXECUTING,SAFE,UAV2,none,ACTIVE_GATE,
ego_structured_measured,UAV4,1787928225.438743,1787928228.478734,28.183743000030518,31.22373390197754,EXECUTING,SAFE,UAV6,none,ACTIVE_GATE,
ego_structured_measured,UAV10,1787928225.71694,1787928228.476941,28.461939811706543,31.221940994262695,EXECUTING,SAFE,UAV7,none,ACTIVE_GATE,
ego_structured_measured,UAV10,1787928228.476941,1787928228.677255,31.221940994262695,31.42225480079651,EXECUTING,SAFE,UAV11,none,ACTIVE_GATE,
ego_structured_measured,UAV4,1787928228.478734,1787928228.558864,31.22373390197754,31.303864002227783,EXECUTING,SAFE,UAV2,none,ACTIVE_GATE,
ego_structured_measured,UAV4,1787928228.558864,1787928232.198781,31.303864002227783,34.94378089904785,EXECUTING,SAFE,UAV6,none,ACTIVE_GATE,
ego_structured_measured,UAV9,1787928228.651587,1787928228.811553,31.396586894989014,31.55655288696289,EXECUTING,SAFE,UAV7,none,ACTIVE_GATE,
ego_structured_measured,UAV10,1787928228.677255,1787928228.71714,31.42225480079651,31.46213984489441,EXECUTING,SAFE,UAV7,none,ACTIVE_GATE,
ego_structured_measured,UAV10,1787928228.71714,1787928228.796975,31.46213984489441,31.541974782943726,EXECUTING,SAFE,UAV11,none,ACTIVE_GATE,
ego_structured_measured,UAV6,1787928228.768856,1787928232.208858,31.513855934143066,34.95385789871216,EXECUTING,SAFE,UAV4,none,ACTIVE_GATE,
ego_structured_measured,UAV10,1787928228.796975,1787928229.157023,31.541974782943726,31.90202283859253,EXECUTING,SAFE,UAV7,none,ACTIVE_GATE,
ego_structured_measured,UAV9,1787928228.811553,1787928231.691566,31.55655288696289,34.43656587600708,EXECUTING,SAFE,UAV11,none,ACTIVE_GATE,
ego_structured_measured,UAV10,1787928229.157023,1787928241.83694,31.90202283859253,44.581939935684204,EXECUTING,SAFE,UAV9,none,ACTIVE_GATE,
ego_structured_measured,UAV8,1787928229.448629,1787928229.728661,32.193628787994385,32.473660945892334,EXECUTING,SAFE,UAV6,none,ACTIVE_GATE,
ego_structured_measured,UAV8,1787928229.728661,1787928230.009121,32.473660945892334,32.75412082672119,EXECUTING,SAFE,UAV9,none,ACTIVE_GATE,
ego_structured_measured,UAV8,1787928230.009121,1787928235.209085,32.75412082672119,37.95408487319946,EXECUTING,SAFE,UAV6,none,ACTIVE_GATE,
ego_structured_measured,UAV9,1787928231.691566,1787928231.771564,34.43656587600708,34.5165638923645,EXECUTING,SAFE,UAV7,none,ACTIVE_GATE,
ego_structured_measured,UAV9,1787928231.771564,1787928231.811516,34.5165638923645,34.55651593208313,EXECUTING,SAFE,UAV11,none,ACTIVE_GATE,
ego_structured_measured,UAV9,1787928231.811516,1787928232.211514,34.55651593208313,34.95651388168335,EXECUTING,SAFE,UAV7,none,ACTIVE_GATE,
ros_console_measured,UAV6,1787928232.1892185,1787928232.1892185,34.934218406677246,34.934218406677246,,,,,,[WARN] [1787928232.189218439]: [UAV6] yield committed: SLOW min_clear=1.34 cost=0.167
ros_console_measured,UAV6,1787928232.1892648,1787928232.1892648,34.93426465988159,34.93426465988159,,,,,,[WARN] [1787928232.189264822]: [UAV6] yield replan committed (peer=UAV4)
ego_structured_measured,UAV4,1787928232.198781,1787928234.838753,34.94378089904785,37.58375287055969,EXECUTING,WARNING,UAV6,active,ACTIVE_GATE,
ego_structured_measured,UAV6,1787928232.208858,1787928234.84886,34.95385789871216,37.593859910964966,EXECUTING,WARNING,UAV4,active,ACTIVE_GATE,
ego_structured_measured,UAV9,1787928232.211514,1787928232.451566,34.95651388168335,35.19656586647034,EXECUTING,SAFE,UAV11,none,ACTIVE_GATE,
ego_structured_measured,UAV9,1787928232.451566,1787928234.97157,35.19656586647034,37.716569900512695,EXECUTING,SAFE,UAV7,none,ACTIVE_GATE,
ros_console_measured,UAV6,1787928232.755698,1787928232.755698,35.50069785118103,35.50069785118103,,,,,,[WARN] [1787928232.755698003]: [UAV6] yield committed: SLOW min_clear=1.28 cost=0.167
ros_console_measured,UAV6,1787928232.7557395,1787928232.7557395,35.500739336013794,35.500739336013794,,,,,,[WARN] [1787928232.755739551]: [UAV6] yield replan committed (peer=UAV4)
ego_structured_measured,UAV5,1787928232.974946,1787928245.255347,35.71994590759277,48.00034689903259,EXECUTING,SAFE,UAV3,none,ACTIVE_GATE,
ego_structured_measured,UAV2,1787928234.503053,1787928237.34309,37.24805283546448,40.08808994293213,EXECUTING,WARNING,UAV1,active,ACTIVE_GATE,
ego_structured_measured,UAV1,1787928234.534647,1787928237.334646,37.27964687347412,40.07964587211609,EXECUTING,WARNING,UAV2,active,ACTIVE_GATE,
ego_structured_measured,UAV4,1787928234.838753,1787928235.558702,37.58375287055969,38.303701877593994,EXECUTING,SAFE,UAV6,active,ACTIVE_GATE,
ego_structured_measured,UAV6,1787928234.84886,1787928235.528855,37.593859910964966,38.27385497093201,EXECUTING,SAFE,UAV4,active,ACTIVE_GATE,
ego_structured_measured,UAV9,1787928234.97157,1787928236.371581,37.716569900512695,39.116580963134766,EXECUTING,SAFE,UAV11,none,ACTIVE_GATE,
ego_structured_measured,UAV8,1787928235.209085,1787928265.608675,37.95408487319946,68.35367488861084,EXECUTING,SAFE,UAV7,none,ACTIVE_GATE,
ego_structured_measured,UAV6,1787928235.528855,1787928235.728874,38.27385497093201,38.47387385368347,EXECUTING,WARNING,UAV4,active,ACTIVE_GATE,
ego_structured_measured,UAV4,1787928235.558702,1787928235.758689,38.303701877593994,38.50368881225586,EXECUTING,WARNING,UAV6,active,ACTIVE_GATE,
ego_structured_measured,UAV6,1787928235.728874,1787928236.768869,38.47387385368347,39.51386880874634,EXECUTING,SAFE,UAV4,active,ACTIVE_GATE,
ego_structured_measured,UAV4,1787928235.758689,1787928236.798739,38.50368881225586,39.5437388420105,EXECUTING,SAFE,UAV6,active,ACTIVE_GATE,
ros_console_measured,UAV6,1787928235.8556702,1787928235.8556702,38.60067009925842,38.60067009925842,,,,,,[WARN] [1787928235.855670243]: [UAV6] yield replan: no valid candidate (peer=UAV4 stand_on=0 nominal_ok=1 peer_hovering=0)
ros_console_measured,UAV6,1787928235.8557043,1787928235.8557043,38.600704193115234,38.600704193115234,,,,,,"[WARN] [1787928235.855704310]: [UAV6] replan failed, soft-landing (retry on 1s timer/event, 10.0s until EGO_PLAN_FAILED)"
ros_console_measured,UAV6,1787928235.8890388,1787928235.8890388,38.63403868675232,38.63403868675232,,,,,,[WARN] [1787928235.889038842]: [UAV6] yield replan: no valid candidate (peer=UAV4 stand_on=0 nominal_ok=1 peer_hovering=0)
ros_console_measured,UAV6,1787928235.92237,1787928235.92237,38.6673698425293,38.6673698425293,,,,,,[WARN] [1787928235.922370072]: [UAV6] yield replan: no valid candidate (peer=UAV4 stand_on=0 nominal_ok=1 peer_hovering=0)
ros_console_measured,UAV6,1787928235.9560192,1787928235.9560192,38.701019048690796,38.701019048690796,,,,,,[WARN] [1787928235.956019279]: [UAV6] yield replan: no valid candidate (peer=UAV4 stand_on=0 nominal_ok=1 peer_hovering=0)
ros_console_measured,UAV6,1787928235.9890242,1787928235.9890242,38.73402404785156,38.73402404785156,,,,,,[WARN] [1787928235.989024241]: [UAV6] yield replan: no valid candidate (peer=UAV4 stand_on=0 nominal_ok=1 peer_hovering=0)
ego_structured_measured,UAV9,1787928236.371581,1787928238.611594,39.116580963134766,41.35659384727478,EXECUTING,SAFE,UAV7,none,ACTIVE_GATE,
ego_structured_measured,UAV6,1787928236.768869,1787928244.248849,39.51386880874634,46.99384880065918,EXECUTING,SAFE,UAV4,none,ACTIVE_GATE,
ego_structured_measured,UAV4,1787928236.798739,1787928244.038745,39.5437388420105,46.78374481201172,EXECUTING,SAFE,UAV6,none,ACTIVE_GATE,
ego_structured_measured,UAV1,1787928237.334646,1787928237.49471,40.07964587211609,40.23970985412598,EXECUTING,SAFE,UAV2,active,ACTIVE_GATE,
ego_structured_measured,UAV2,1787928237.34309,1787928237.50344,40.08808994293213,40.24843978881836,EXECUTING,SAFE,UAV1,active,ACTIVE_GATE,
ego_structured_measured,UAV1,1787928237.49471,1787928240.6947,40.23970985412598,43.43969988822937,EXECUTING,WARNING,UAV2,active,ACTIVE_GATE,
ego_structured_measured,UAV2,1787928237.50344,1787928238.463036,40.24843978881836,41.208035945892334,EXECUTING,WARNING,UAV1,active,ACTIVE_GATE,
ego_structured_measured,UAV7,1787928237.972905,1787928238.012948,40.717904806137085,40.75794792175293,EXECUTING,SAFE,UAV6,none,ACTIVE_GATE,
ego_structured_measured,UAV7,1787928238.012948,1787928241.09292,40.75794792175293,43.83791995048523,EXECUTING,SAFE,UAV9,none,ACTIVE_GATE,
ego_structured_measured,UAV2,1787928238.463036,1787928238.503073,41.208035945892334,41.24807286262512,EXECUTING,SAFE,UAV1,active,ACTIVE_GATE,
ego_structured_measured,UAV2,1787928238.503073,1787928240.703219,41.24807286262512,43.44821882247925,EXECUTING,WARNING,UAV1,active,ACTIVE_GATE,
ego_structured_measured,UAV9,1787928238.611594,1787928241.851571,41.35659384727478,44.59657096862793,EXECUTING,SAFE,UAV10,none,ACTIVE_GATE,
ego_structured_measured,UAV1,1787928240.6947,1787928241.734647,43.43969988822937,44.47964692115784,EXECUTING,SAFE,UAV2,active,ACTIVE_GATE,
ego_structured_measured,UAV2,1787928240.703219,1787928241.743087,43.44821882247925,44.48808693885803,EXECUTING,SAFE,UAV1,active,ACTIVE_GATE,
ego_structured_measured,UAV7,1787928241.09292,1787928241.212913,43.83791995048523,43.95791292190552,EXECUTING,SAFE,UAV6,none,ACTIVE_GATE,
ego_structured_measured,UAV7,1787928241.212913,1787928243.973719,43.95791292190552,46.71871876716614,EXECUTING,SAFE,UAV9,none,ACTIVE_GATE,
ego_structured_measured,UAV1,1787928241.734647,1787928243.134649,44.47964692115784,45.8796489238739,EXECUTING,SAFE,UAV2,none,ACTIVE_GATE,
ego_structured_measured,UAV2,1787928241.743087,1787928243.143067,44.48808693885803,45.88806676864624,EXECUTING,SAFE,UAV1,none,ACTIVE_GATE,
ego_structured_measured,UAV10,1787928241.83694,1787928242.156909,44.581939935684204,44.90190887451172,EXECUTING,WARNING,UAV9,active,ACTIVE_GATE,
ego_structured_measured,UAV9,1787928241.851571,1787928242.171566,44.59657096862793,44.916565895080566,EXECUTING,WARNING,UAV10,active,ACTIVE_GATE,
ego_structured_measured,UAV10,1787928242.156909,1787928243.156914,44.90190887451172,45.90191388130188,EXECUTING,SAFE,UAV9,active,ACTIVE_GATE,
ego_structured_measured,UAV9,1787928242.171566,1787928243.171566,44.916565895080566,45.916565895080566,EXECUTING,SAFE,UAV10,active,ACTIVE_GATE,
ego_structured_measured,UAV1,1787928243.134649,1787928243.254681,45.8796489238739,45.99968099594116,EXECUTING,WARNING,UAV2,active,ACTIVE_GATE,
ego_structured_measured,UAV2,1787928243.143067,1787928243.263062,45.88806676864624,46.00806188583374,EXECUTING,WARNING,UAV1,active,ACTIVE_GATE,
ego_structured_measured,UAV10,1787928243.156914,1787928244.276995,45.90191388130188,47.021994829177856,EXECUTING,SAFE,UAV9,none,ACTIVE_GATE,
ego_structured_measured,UAV9,1787928243.171566,1787928244.251572,45.916565895080566,46.9965717792511,EXECUTING,SAFE,UAV10,none,ACTIVE_GATE,
ego_structured_measured,UAV1,1787928243.254681,1787928244.254697,45.99968099594116,46.99969696998596,EXECUTING,SAFE,UAV2,active,ACTIVE_GATE,
ego_structured_measured,UAV2,1787928243.263062,1787928244.303086,46.00806188583374,47.04808592796326,EXECUTING,SAFE,UAV1,active,ACTIVE_GATE,
ego_structured_measured,UAV7,1787928243.973719,1787928245.212915,46.71871876716614,47.95791482925415,EXECUTING,SAFE,UAV6,none,ACTIVE_GATE,
ego_structured_measured,UAV4,1787928244.038745,1787928244.118873,46.78374481201172,46.86387276649475,EXECUTING,SAFE,UAV3,none,ACTIVE_GATE,
ego_structured_measured,UAV3,1787928244.049722,1787928244.129691,46.794721841812134,46.874690771102905,EXECUTING,SAFE,UAV4,none,ACTIVE_GATE,
ego_structured_measured,UAV4,1787928244.118873,1787928245.398731,46.86387276649475,48.143730878829956,EXECUTING,SAFE,UAV6,none,ACTIVE_GATE,
ego_structured_measured,UAV3,1787928244.129691,1787928244.769747,46.874690771102905,47.51474690437317,EXECUTING,SAFE,UAV5,none,ACTIVE_GATE,
ego_structured_measured,UAV6,1787928244.248849,1787928244.409101,46.99384880065918,47.15410089492798,EXECUTING,SAFE,UAV7,none,ACTIVE_GATE,
ego_structured_measured,UAV9,1787928244.251572,1787928245.491602,46.9965717792511,48.23660182952881,EXECUTING,WARNING,UAV10,active,ACTIVE_GATE,
ego_structured_measured,UAV1,1787928244.254697,1787928257.094907,46.99969696998596,59.83990693092346,EXECUTING,SAFE,UAV2,none,ACTIVE_GATE,
ego_structured_measured,UAV10,1787928244.276995,1787928245.477123,47.021994829177856,48.22212290763855,EXECUTING,WARNING,UAV9,active,ACTIVE_GATE,
ego_structured_measured,UAV2,1787928244.303086,1787928265.623088,47.04808592796326,68.36808776855469,EXECUTING,SAFE,UAV1,none,ACTIVE_GATE,
ego_structured_measured,UAV6,1787928244.409101,1787928246.888829,47.15410089492798,49.63382887840271,EXECUTING,SAFE,UAV4,none,ACTIVE_GATE,
ego_structured_measured,UAV3,1787928244.769747,1787928249.68961,47.51474690437317,52.43460988998413,EXECUTING,SAFE,UAV4,none,ACTIVE_GATE,
ego_structured_measured,UAV7,1787928245.212915,1787928259.772907,47.95791482925415,62.51790690422058,EXECUTING,SAFE,UAV8,none,ACTIVE_GATE,
ego_structured_measured,UAV5,1787928245.255347,1787928265.614904,48.00034689903259,68.35990381240845,EXECUTING,SAFE,UAV4,none,ACTIVE_GATE,
ego_structured_measured,UAV11,1787928245.3825,1787928245.543074,48.12749981880188,48.288073778152466,EXECUTING,SAFE,UAV10,none,ACTIVE_GATE,
ego_structured_measured,UAV4,1787928245.398731,1787928250.558675,48.143730878829956,53.303674936294556,EXECUTING,SAFE,UAV3,none,ACTIVE_GATE,
ego_structured_measured,UAV10,1787928245.477123,1787928245.916941,48.22212290763855,48.661940813064575,EXECUTING,SAFE,UAV9,active,ACTIVE_GATE,
ego_structured_measured,UAV9,1787928245.491602,1787928245.931566,48.23660182952881,48.67656588554382,EXECUTING,SAFE,UAV10,active,ACTIVE_GATE,
ego_structured_measured,UAV11,1787928245.543074,1787928247.222493,48.288073778152466,49.9674928188324,EXECUTING,SAFE,UAV7,none,ACTIVE_GATE,
ego_structured_measured,UAV10,1787928245.916941,1787928247.116925,48.661940813064575,49.86192488670349,EXECUTING,WARNING,UAV9,active,ACTIVE_GATE,
ego_structured_measured,UAV9,1787928245.931566,1787928247.131564,48.67656588554382,49.87656378746033,EXECUTING,WARNING,UAV10,active,ACTIVE_GATE,
ego_structured_measured,UAV6,1787928246.888829,1787928248.448875,49.63382887840271,51.19387483596802,EXECUTING,SAFE,UAV7,none,ACTIVE_GATE,
ego_structured_measured,UAV10,1787928247.116925,1787928247.317038,49.86192488670349,50.0620379447937,EXECUTING,SAFE,UAV9,active,ACTIVE_GATE,
ego_structured_measured,UAV9,1787928247.131564,1787928247.291565,49.87656378746033,50.03656482696533,EXECUTING,SAFE,UAV10,active,ACTIVE_GATE,
ego_structured_measured,UAV11,1787928247.222493,1787928248.422502,49.9674928188324,51.16750192642212,EXECUTING,SAFE,UAV12,none,ACTIVE_GATE,
ego_structured_measured,UAV9,1787928247.291565,1787928247.53157,50.03656482696533,50.276569843292236,EXECUTING,WARNING,UAV10,active,ACTIVE_GATE,
ego_structured_measured,UAV10,1787928247.317038,1787928247.556863,50.0620379447937,50.301862955093384,EXECUTING,WARNING,UAV9,active,ACTIVE_GATE,
ego_structured_measured,UAV9,1787928247.53157,1787928248.53157,50.276569843292236,51.276569843292236,EXECUTING,SAFE,UAV10,active,ACTIVE_GATE,
ego_structured_measured,UAV10,1787928247.556863,1787928248.556876,50.301862955093384,51.301875829696655,EXECUTING,SAFE,UAV9,active,ACTIVE_GATE,
ego_structured_measured,UAV11,1787928248.422502,1787928248.582504,51.16750192642212,51.32750391960144,EXECUTING,SAFE,UAV10,none,ACTIVE_GATE,
ego_structured_measured,UAV6,1787928248.448875,1787928249.328859,51.19387483596802,52.073858976364136,EXECUTING,SAFE,UAV1,none,ACTIVE_GATE,
ego_structured_measured,UAV9,1787928248.53157,1787928260.811517,51.276569843292236,63.556516885757446,EXECUTING,SAFE,UAV10,none,ACTIVE_GATE,
ego_structured_measured,UAV10,1787928248.556876,1787928261.236926,51.301875829696655,63.98192596435547,EXECUTING,SAFE,UAV9,none,ACTIVE_GATE,
ego_structured_measured,UAV11,1787928248.582504,1787928253.182506,51.32750391960144,55.92750597000122,EXECUTING,SAFE,UAV12,none,ACTIVE_GATE,
ego_structured_measured,UAV6,1787928249.328859,1787928249.488791,52.073858976364136,52.2337908744812,EXECUTING,SAFE,UAV9,none,ACTIVE_GATE,
ego_structured_measured,UAV6,1787928249.488791,1787928251.328864,52.2337908744812,54.0738639831543,EXECUTING,SAFE,UAV1,none,ACTIVE_GATE,
ego_structured_measured,UAV3,1787928249.68961,1787928250.289612,52.43460988998413,53.03461194038391,EXECUTING,SAFE,UAV1,none,ACTIVE_GATE,
ego_structured_measured,UAV3,1787928250.289612,1787928250.329658,53.03461194038391,53.074657917022705,EXECUTING,SAFE,UAV4,none,ACTIVE_GATE,
ego_structured_measured,UAV3,1787928250.329658,1787928265.609731,53.074657917022705,68.35473084449768,EXECUTING,SAFE,UAV1,none,ACTIVE_GATE,
ego_structured_measured,UAV4,1787928250.558675,1787928250.598717,53.303674936294556,53.343716859817505,EXECUTING,SAFE,UAV7,none,ACTIVE_GATE,
ego_structured_measured,UAV4,1787928250.598717,1787928254.398744,53.343716859817505,57.14374399185181,EXECUTING,SAFE,UAV3,none,ACTIVE_GATE,
ego_structured_measured,UAV6,1787928251.328864,1787928251.528858,54.0738639831543,54.273857831954956,EXECUTING,SAFE,UAV9,none,ACTIVE_GATE,
ego_structured_measured,UAV6,1787928251.528858,1787928251.728858,54.273857831954956,54.47385787963867,EXECUTING,SAFE,UAV1,none,ACTIVE_GATE,
ego_structured_measured,UAV6,1787928251.728858,1787928253.769234,54.47385787963867,56.51423382759094,EXECUTING,SAFE,UAV9,none,ACTIVE_GATE,
ego_structured_measured,UAV11,1787928253.182506,1787928253.262497,55.92750597000122,56.00749683380127,EXECUTING,SAFE,UAV7,none,ACTIVE_GATE,
ego_structured_measured,UAV11,1787928253.262497,1787928259.622503,56.00749683380127,62.36750292778015,EXECUTING,SAFE,UAV12,none,ACTIVE_GATE,
ego_structured_measured,UAV6,1787928253.769234,1787928260.808856,56.51423382759094,63.553855895996094,EXECUTING,SAFE,UAV1,none,ACTIVE_GATE,
ego_structured_measured,UAV4,1787928254.398744,1787928259.758695,57.14374399185181,62.50369477272034,EXECUTING,SAFE,UAV5,none,ACTIVE_GATE,
ego_structured_measured,UAV1,1787928257.094907,1787928265.614707,59.83990693092346,68.35970687866211,EXECUTING,SAFE,UAV3,none,ACTIVE_GATE,
ego_structured_measured,UAV11,1787928259.622503,1787928260.262504,62.36750292778015,63.00750398635864,EXECUTING,SAFE,UAV10,none,ACTIVE_GATE,
ego_structured_measured,UAV4,1787928259.758695,1787928259.798741,62.50369477272034,62.54374098777771,EXECUTING,SAFE,UAV7,none,ACTIVE_GATE,
ego_structured_measured,UAV7,1787928259.772907,1787928259.81292,62.51790690422058,62.55791997909546,EXECUTING,SAFE,UAV4,none,ACTIVE_GATE,
ego_structured_measured,UAV4,1787928259.798741,1787928261.398733,62.54374098777771,64.14373278617859,EXECUTING,SAFE,UAV5,none,ACTIVE_GATE,
ego_structured_measured,UAV7,1787928259.81292,1787928264.772881,62.55791997909546,67.51788091659546,EXECUTING,SAFE,UAV8,none,ACTIVE_GATE,
ego_structured_measured,UAV11,1787928260.262504,1787928261.382516,63.00750398635864,64.12751579284668,EXECUTING,SAFE,UAV12,none,ACTIVE_GATE,
ego_structured_measured,UAV6,1787928260.808856,1787928260.849071,63.553855895996094,63.59407091140747,EXECUTING,SAFE,UAV9,none,ACTIVE_GATE,
ego_structured_measured,UAV9,1787928260.811517,1787928260.851637,63.556516885757446,63.59663677215576,EXECUTING,SAFE,UAV6,none,ACTIVE_GATE,
ego_structured_measured,UAV6,1787928260.849071,1787928263.209237,63.59407091140747,65.95423698425293,EXECUTING,SAFE,UAV1,none,ACTIVE_GATE,
ego_structured_measured,UAV9,1787928260.851637,1787928263.81154,63.59663677215576,66.55653977394104,EXECUTING,SAFE,UAV10,none,ACTIVE_GATE,
ego_structured_measured,UAV10,1787928261.236926,1787928265.596932,63.98192596435547,68.34193181991577,EXECUTING,SAFE,UAV11,none,ACTIVE_GATE,
ego_structured_measured,UAV11,1787928261.382516,1787928261.422598,64.12751579284668,64.16759777069092,EXECUTING,SAFE,UAV10,none,ACTIVE_GATE,
ego_structured_measured,UAV4,1787928261.398733,1787928261.558853,64.14373278617859,64.30385279655457,EXECUTING,SAFE,UAV8,none,ACTIVE_GATE,
ego_structured_measured,UAV11,1787928261.422598,1787928265.302504,64.16759777069092,68.04750394821167,EXECUTING,SAFE,UAV12,none,ACTIVE_GATE,
ego_structured_measured,UAV4,1787928261.558853,1787928265.358693,64.30385279655457,68.10369277000427,EXECUTING,SAFE,UAV5,none,ACTIVE_GATE,
ego_structured_measured,UAV6,1787928263.209237,1787928264.528829,65.95423698425293,67.27382898330688,EXECUTING,SAFE,UAV9,none,ACTIVE_GATE,
ego_structured_measured,UAV9,1787928263.81154,1787928265.611534,66.55653977394104,68.35653400421143,EXECUTING,SAFE,UAV6,none,ACTIVE_GATE,
ego_structured_measured,UAV6,1787928264.528829,1787928264.850511,67.27382898330688,67.59551095962524,EXECUTING,SAFE,UAV1,none,ACTIVE_GATE,
ego_structured_measured,UAV7,1787928264.772881,1787928264.972914,67.51788091659546,67.71791386604309,EXECUTING,SAFE,UAV4,none,ACTIVE_GATE,
ego_structured_measured,UAV6,1787928264.850511,1787928265.609243,67.59551095962524,68.35424280166626,EXECUTING,SAFE,UAV9,none,ACTIVE_GATE,
ego_structured_measured,UAV7,1787928264.972914,1787928265.612935,67.71791386604309,68.35793495178223,EXECUTING,SAFE,UAV11,none,ACTIVE_GATE,
ego_structured_measured,UAV11,1787928265.302504,1787928265.622581,68.04750394821167,68.36758089065552,EXECUTING,SAFE,UAV7,none,ACTIVE_GATE,
ego_structured_measured,UAV4,1787928265.358693,1787928265.598743,68.10369277000427,68.34374284744263,EXECUTING,SAFE,UAV7,none,ACTIVE_GATE,
ego_structured_measured,UAV10,1787928265.596932,1787928265.716939,68.34193181991577,68.46193885803223,EXECUTING,INSUFFICIENT_DATA,UAV12,none,ACTIVE_GATE,
ego_structured_measured,UAV4,1787928265.598743,1787928265.718736,68.34374284744263,68.46373581886292,EXECUTING,INSUFFICIENT_DATA,UAV12,none,ACTIVE_GATE,
ego_structured_measured,UAV8,1787928265.608675,1787928265.728844,68.35367488861084,68.4738438129425,EXECUTING,INSUFFICIENT_DATA,UAV12,none,ACTIVE_GATE,
ego_structured_measured,UAV6,1787928265.609243,1787928265.728848,68.35424280166626,68.47384786605835,EXECUTING,INSUFFICIENT_DATA,UAV12,none,ACTIVE_GATE,
ego_structured_measured,UAV3,1787928265.609731,1787928265.729712,68.35473084449768,68.47471189498901,EXECUTING,INSUFFICIENT_DATA,UAV12,none,ACTIVE_GATE,
ego_structured_measured,UAV9,1787928265.611534,1787928265.731563,68.35653400421143,68.47656297683716,EXECUTING,INSUFFICIENT_DATA,UAV12,none,ACTIVE_GATE,
ego_structured_measured,UAV7,1787928265.612935,1787928265.732926,68.35793495178223,68.4779257774353,EXECUTING,INSUFFICIENT_DATA,UAV12,none,ACTIVE_GATE,
ego_structured_measured,UAV1,1787928265.614707,1787928265.734667,68.35970687866211,68.47966694831848,EXECUTING,INSUFFICIENT_DATA,UAV12,none,ACTIVE_GATE,
ego_structured_measured,UAV5,1787928265.614904,1787928265.734939,68.35990381240845,68.47993898391724,EXECUTING,INSUFFICIENT_DATA,UAV12,none,ACTIVE_GATE,
ego_structured_measured,UAV12,1787928265.621296,1787928266.141191,68.36629581451416,68.88619089126587,EXECUTING,INSUFFICIENT_DATA,UAV1,none,ACTIVE_GATE,
ego_structured_measured,UAV11,1787928265.622581,1787928265.742445,68.36758089065552,68.48744487762451,EXECUTING,INSUFFICIENT_DATA,UAV12,none,ACTIVE_GATE,
ego_structured_measured,UAV2,1787928265.623088,1787928265.743056,68.36808776855469,68.48805594444275,EXECUTING,INSUFFICIENT_DATA,UAV12,none,ACTIVE_GATE,
ego_structured_measured,UAV10,1787928265.716939,1787928266.15688,68.46193885803223,68.90187978744507,EXECUTING,INSUFFICIENT_DATA,UAV1,none,ACTIVE_GATE,
ego_structured_measured,UAV4,1787928265.718736,1787928265.838746,68.46373581886292,68.5837459564209,EXECUTING,INSUFFICIENT_DATA,UAV10,none,ACTIVE_GATE,
ego_structured_measured,UAV8,1787928265.728844,1787928268.848943,68.4738438129425,71.5939428806305,EXECUTING,INSUFFICIENT_DATA,UAV10,none,ACTIVE_GATE,
ego_structured_measured,UAV6,1787928265.728848,1787928267.968855,68.47384786605835,70.71385478973389,EXECUTING,INSUFFICIENT_DATA,UAV10,none,ACTIVE_GATE,
ego_structured_measured,UAV3,1787928265.729712,1787928268.729702,68.47471189498901,71.47470188140869,EXECUTING,INSUFFICIENT_DATA,UAV10,none,ACTIVE_GATE,
ego_structured_measured,UAV9,1787928265.731563,1787928267.21152,68.47656297683716,69.95651984214783,EXECUTING,INSUFFICIENT_DATA,UAV10,none,ACTIVE_GATE,
ego_structured_measured,UAV7,1787928265.732926,1787928266.252926,68.4779257774353,68.9979259967804,EXECUTING,INSUFFICIENT_DATA,UAV10,none,ACTIVE_GATE,
ego_structured_measured,UAV1,1787928265.734667,1787928274.854712,68.47966694831848,77.59971189498901,EXECUTING,INSUFFICIENT_DATA,UAV10,none,ACTIVE_GATE,
ego_structured_measured,UAV5,1787928265.734939,1787928270.694965,68.47993898391724,73.43996477127075,EXECUTING,INSUFFICIENT_DATA,UAV10,none,ACTIVE_GATE,
ego_structured_measured,UAV11,1787928265.742445,1787928266.462496,68.48744487762451,69.20749592781067,EXECUTING,INSUFFICIENT_DATA,UAV10,none,ACTIVE_GATE,
ego_structured_measured,UAV2,1787928265.743056,1787928270.183065,68.48805594444275,72.92806482315063,EXECUTING,INSUFFICIENT_DATA,UAV10,none,ACTIVE_GATE,
ego_structured_measured,UAV4,1787928265.838746,1787928266.358823,68.5837459564209,69.10382294654846,EXECUTING,INSUFFICIENT_DATA,UAV1,none,ACTIVE_GATE,
ego_structured_measured,UAV7,1787928266.252926,1787928266.732939,68.9979259967804,69.47793889045715,EXECUTING,INSUFFICIENT_DATA,UAV1,none,ACTIVE_GATE,
ego_structured_measured,UAV9,1787928267.21152,1787928267.851594,69.95651984214783,70.59659385681152,EXECUTING,INSUFFICIENT_DATA,UAV1,none,ACTIVE_GATE,
ego_structured_measured,UAV6,1787928267.968855,1787928268.608865,70.71385478973389,71.35386490821838,EXECUTING,INSUFFICIENT_DATA,UAV1,none,ACTIVE_GATE,
ego_structured_measured,UAV3,1787928268.729702,1787928269.249735,71.47470188140869,71.9947350025177,EXECUTING,INSUFFICIENT_DATA,UAV1,none,ACTIVE_GATE,
ego_structured_measured,UAV2,1787928270.183065,1787928270.743066,72.92806482315063,73.48806595802307,EXECUTING,INSUFFICIENT_DATA,UAV1,none,ACTIVE_GATE,
task_result_inferred,A04/UAV4,1787928274.805,1787928274.805,77.54999995231628,77.54999995231628,,,,,,inferred from 1551 ticks / 20 Hz; no task-state rosbag
